XU2-PQK-922,
QTK-YY2-A5G,
KV0-NVV-3CE,
X0W-5WM-PKU,
QRI-S6Z-KHO,
MF4-N2Y-7KT,
7KJ-X9H-MMK,
WMR-EX7-THU,
2WB-5U5-6GC,
HLD-OSA-W1W,
04K-L9L-KG3,
3LX-QRK-YGG,
M06-UMV-SPE,
D57-4VV-5VF,
6T1-V37-U3P,
PBD-AX5-O3N,
M4R-TFT-A8H,
LH5-I2P-RR9,
KIV-D41-8EQ,
UJU-BH0-48G,
XB4-RA5-TZL,
8WZ-Y9M-G2N,
6YH-B0L-XBB,
OJG-WFM-HYI,
NYU-I9B-BO5,
TK0-VU6-IZK,
SY3-Y8K-2AE,
AYF-EKE-W0Z,
NAB-445-HP5,
RXC-SN9-08V,
6CZ-NKM-C0E,
38P-PLK-G3D,
9IU-ENX-LE2,
QSL-S4K-QBE,
7DC-TW9-IIQ,
SQW-0BA-SMD,
MQC-NEE-KQQ,
DV1-CT8-CGB,
NBF-XD1-N52,
FWD-GTF-6OF,
T5V-LAF-EZB,
T60-AFQ-0KK,
PAP-SVZ-FT4,
B9C-4WO-PRA,
Q1H-4I1-39B,
LMU-PYQ-UXN,
V1F-IWF-HN0,
KI6-YCW-ITD,
PCH-28G-CZF,
3ZE-AMY-1GM,
U6D-XSI-RM3,
75R-44L-QVU,
0GC-HHI-YCL,
O07-5CR-66T,
EKE-KZX-OVM,
6EM-5AE-IVW,
OU3-IFF-BW6,
Z4Q-IHW-GNM,
R9E-SKU-BNI,
LB2-LPW-6YV,
16B-1YW-XT7,
2VA-XA0-O7P,
27F-9L3-DQ5,
VWA-W9Z-I8L,
ZMJ-EAP-IIL,
RVZ-N89-X8E,
0XS-Z35-GO8,
II2-JL4-4FU,
TBD-A6H-BKV,
QR0-PZT-WEL,
ZL6-L3K-DDI,
Y66-T8Z-BID,
JH5-THF-Q72,
87G-IDO-840,
U1U-5C7-MMG,
HC6-NHG-P2F,
73M-QMM-0N8,
6OV-83P-AS9,
C92-IG4-S7I,
AZE-YEL-WXP,
OVY-AJM-4VT,
105-KEL-X2J,
WQY-YKR-PQ6,
YCA-XN6-BVH,
YB5-CX3-BN9,
14P-57K-WIY,
AHD-B65-4JU,
H4S-GKJ-BQ0,
Y81-362-25C,
JZH-TRA-ERB,
8ZK-LXI-DOM,
FSA-N28-UGP,
CFQ-6ZZ-3IM,
ZH6-7PT-58E,
QCC-HYD-7YK,
6MW-S5T-LHR,
WSW-FZ0-3ZD,
I2F-8VQ-V4B,
0A6-3F6-ONV,
ZA9-ADY-MTJ,
NU8-9OF-NZF,
T8Q-9ZX-0AV,
XZK-SM0-OYX,
AN5-3LA-7XE,
DWE-B1T-MNP,
V34-KU4-5CK,
67C-3UB-HN9,
RSD-EJW-Y0O,
28H-GMZ-KSZ,
48B-NBG-L3K,
KSP-ZFA-9AP,
GX6-THJ-S4P,
8KF-L1L-GA2,
V9B-P9L-497,
36U-G40-E8D,
4S4-VU6-HKP,
9A8-NUO-4KF,
C9R-H1M-E5Y,
5AO-L78-V8L,
GGF-KJ6-HNY,
SZO-7OD-J17,
QXY-AN2-ICP,
1HK-2IH-KU1,
VTK-SD8-RLT,
6XF-6J4-8RC,
RTA-U6T-GE3,
5NX-91D-YCT,
176-O10-OBT,
FZB-VKN-PR4,
NRL-NKW-DSH,
YHB-JBS-M2R,
QJV-KW7-DRK,
9D1-MZY-4TI,
EK8-4N8-OTM,
RDG-FJP-LAZ,
B4B-VA9-8SQ,
6HR-G5H-E2E,
0LL-VA4-HA5,
OW0-1OR-8BZ,
I2G-DAJ-0PP,
UYN-NZN-KF5,
44Z-097-P0K,
RHB-EHE-JNY,
FZK-PM2-K52,
CR8-25D-MRJ,
KIH-8JD-DXX,
NDH-XK9-NT0,
91Q-9TD-YKQ,
6V2-ZBR-BU3,
PZ3-Y55-POB,
N78-Z2X-L9O,
QBK-X36-WCZ,
0A8-58D-9QW,
I7B-85I-6X6,
MUY-GWT-34Z,
7FF-H3U-7BU,
5W1-LCC-O9O,
2IS-G51-IGE,
BWN-CMV-1ZE,
J1B-ECQ-EFX,
D9Y-K7I-W3I,
M07-A7K-3GD,
QJZ-KRQ-GGA,
QD4-1ZW-99H,
WP2-1DU-O9T,
J6U-76O-6DA,
606-5PS-4T7,
R5B-S1A-H7F,
ZMX-60Y-087,
DCB-O4W-8TN,
2QH-E2E-5VD,
57K-Q68-JPH,
10N-46L-2HM,
Q0K-BGW-9I9,
G0B-RCM-WZ1,
4VE-VQC-WBL,
GCJ-8KT-Z9V,
IRI-NQ3-0IO,
EYX-8Z4-G70,
YYT-HGO-B2O,
U5H-E05-NZ5,
6C6-CJT-O0R,
9NA-66A-FLV,
31Q-F5C-JMD,
EG5-X09-GJT,
K2G-S2K-O0W,
IZL-8Y6-0CU,
9N7-P5G-YKD,
JEA-37R-JGT,
YJD-VLE-DOE,
UTD-0L3-W1X,
23R-6ZK-C40,
26A-QBS-8ET,
VUQ-9B4-1NX,
S9N-VOY-V1Q,
9J3-MDT-74Y,
FH0-YN9-13Q,
0L6-YHZ-IER,
W1H-M30-9VV,
RH8-L2K-NQ6,


